variable;agrupacion;codigo_grupo;grupo;codigo_respuesta;respuesta;personas;denominador;porcentaje
Bienestar mental o emocional percibido (i_2_p9);Dependencia económica de la pareja (p93);1;Sí, completamente;1;1 Muy mal;36;2194;1.6408386508659982
Bienestar mental o emocional percibido (i_2_p9);Dependencia económica de la pareja (p93);1;Sí, completamente;2;2;30;2194;1.3673655423883317
Bienestar mental o emocional percibido (i_2_p9);Dependencia económica de la pareja (p93);1;Sí, completamente;3;3;86;2194;3.919781221513218
Bienestar mental o emocional percibido (i_2_p9);Dependencia económica de la pareja (p93);1;Sí, completamente;4;4;235;2194;10.711030082041933
Bienestar mental o emocional percibido (i_2_p9);Dependencia económica de la pareja (p93);1;Sí, completamente;5;5;511;2194;23.290793072014583
Bienestar mental o emocional percibido (i_2_p9);Dependencia económica de la pareja (p93);1;Sí, completamente;6;6;652;2194;29.717411121239746
Bienestar mental o emocional percibido (i_2_p9);Dependencia económica de la pareja (p93);1;Sí, completamente;7;7 Muy bien;644;2194;29.35278030993619
Bienestar mental o emocional percibido (i_2_p9);Dependencia económica de la pareja (p93);2;Sí, en parte;1;1 Muy mal;35;1986;1.7623363544813695
Bienestar mental o emocional percibido (i_2_p9);Dependencia económica de la pareja (p93);2;Sí, en parte;2;2;26;1986;1.309164149043303
Bienestar mental o emocional percibido (i_2_p9);Dependencia económica de la pareja (p93);2;Sí, en parte;3;3;83;1986;4.1792547834843905
Bienestar mental o emocional percibido (i_2_p9);Dependencia económica de la pareja (p93);2;Sí, en parte;4;4;214;1986;10.775427995971803
Bienestar mental o emocional percibido (i_2_p9);Dependencia económica de la pareja (p93);2;Sí, en parte;5;5;480;1986;24.169184290030213
Bienestar mental o emocional percibido (i_2_p9);Dependencia económica de la pareja (p93);2;Sí, en parte;6;6;604;1986;30.41289023162135
Bienestar mental o emocional percibido (i_2_p9);Dependencia económica de la pareja (p93);2;Sí, en parte;7;7 Muy bien;544;1986;27.391742195367573
Bienestar mental o emocional percibido (i_2_p9);Dependencia económica de la pareja (p93);3;No;1;1 Muy mal;42;4311;0.9742519137091162
Bienestar mental o emocional percibido (i_2_p9);Dependencia económica de la pareja (p93);3;No;2;2;37;4311;0.8582695430294596
Bienestar mental o emocional percibido (i_2_p9);Dependencia económica de la pareja (p93);3;No;3;3;99;4311;2.2964509394572024
Bienestar mental o emocional percibido (i_2_p9);Dependencia económica de la pareja (p93);3;No;4;4;377;4311;8.745070749246114
Bienestar mental o emocional percibido (i_2_p9);Dependencia económica de la pareja (p93);3;No;5;5;1007;4311;23.358849454882858
Bienestar mental o emocional percibido (i_2_p9);Dependencia económica de la pareja (p93);3;No;6;6;1419;4311;32.91579679888657
Bienestar mental o emocional percibido (i_2_p9);Dependencia económica de la pareja (p93);3;No;7;7 Muy bien;1330;4311;30.85131060078868
