desagregacion;codigo_sexo;sexo;variable;agrupacion;codigo_grupo;grupo;codigo_respuesta;respuesta;personas;denominador;porcentaje
Sexo asignado al nacer (p1);1;Hombre;Bienestar mental o emocional percibido (i_2_p9);Dependencia económica de la pareja (p93);1;Sí, completamente;1;1 Muy mal;1;120;0.8333333333333334
Sexo asignado al nacer (p1);1;Hombre;Bienestar mental o emocional percibido (i_2_p9);Dependencia económica de la pareja (p93);1;Sí, completamente;2;2;2;120;1.6666666666666667
Sexo asignado al nacer (p1);1;Hombre;Bienestar mental o emocional percibido (i_2_p9);Dependencia económica de la pareja (p93);1;Sí, completamente;3;3;3;120;2.5
Sexo asignado al nacer (p1);1;Hombre;Bienestar mental o emocional percibido (i_2_p9);Dependencia económica de la pareja (p93);1;Sí, completamente;4;4;19;120;15.833333333333334
Sexo asignado al nacer (p1);1;Hombre;Bienestar mental o emocional percibido (i_2_p9);Dependencia económica de la pareja (p93);1;Sí, completamente;5;5;19;120;15.833333333333334
Sexo asignado al nacer (p1);1;Hombre;Bienestar mental o emocional percibido (i_2_p9);Dependencia económica de la pareja (p93);1;Sí, completamente;6;6;42;120;35.0
Sexo asignado al nacer (p1);1;Hombre;Bienestar mental o emocional percibido (i_2_p9);Dependencia económica de la pareja (p93);1;Sí, completamente;7;7 Muy bien;34;120;28.333333333333332
Sexo asignado al nacer (p1);1;Hombre;Bienestar mental o emocional percibido (i_2_p9);Dependencia económica de la pareja (p93);2;Sí, en parte;1;1 Muy mal;3;337;0.8902077151335311
Sexo asignado al nacer (p1);1;Hombre;Bienestar mental o emocional percibido (i_2_p9);Dependencia económica de la pareja (p93);2;Sí, en parte;2;2;2;337;0.5934718100890207
Sexo asignado al nacer (p1);1;Hombre;Bienestar mental o emocional percibido (i_2_p9);Dependencia económica de la pareja (p93);2;Sí, en parte;3;3;12;337;3.5608308605341246
Sexo asignado al nacer (p1);1;Hombre;Bienestar mental o emocional percibido (i_2_p9);Dependencia económica de la pareja (p93);2;Sí, en parte;4;4;36;337;10.682492581602373
Sexo asignado al nacer (p1);1;Hombre;Bienestar mental o emocional percibido (i_2_p9);Dependencia económica de la pareja (p93);2;Sí, en parte;5;5;78;337;23.14540059347181
Sexo asignado al nacer (p1);1;Hombre;Bienestar mental o emocional percibido (i_2_p9);Dependencia económica de la pareja (p93);2;Sí, en parte;6;6;105;337;31.15727002967359
Sexo asignado al nacer (p1);1;Hombre;Bienestar mental o emocional percibido (i_2_p9);Dependencia económica de la pareja (p93);2;Sí, en parte;7;7 Muy bien;101;337;29.97032640949555
Sexo asignado al nacer (p1);1;Hombre;Bienestar mental o emocional percibido (i_2_p9);Dependencia económica de la pareja (p93);3;No;1;1 Muy mal;11;2334;0.4712939160239931
Sexo asignado al nacer (p1);1;Hombre;Bienestar mental o emocional percibido (i_2_p9);Dependencia económica de la pareja (p93);3;No;2;2;14;2334;0.5998286203941731
Sexo asignado al nacer (p1);1;Hombre;Bienestar mental o emocional percibido (i_2_p9);Dependencia económica de la pareja (p93);3;No;3;3;44;2334;1.8851756640959725
Sexo asignado al nacer (p1);1;Hombre;Bienestar mental o emocional percibido (i_2_p9);Dependencia económica de la pareja (p93);3;No;4;4;182;2334;7.79777206512425
Sexo asignado al nacer (p1);1;Hombre;Bienestar mental o emocional percibido (i_2_p9);Dependencia económica de la pareja (p93);3;No;5;5;511;2334;21.89374464438732
Sexo asignado al nacer (p1);1;Hombre;Bienestar mental o emocional percibido (i_2_p9);Dependencia económica de la pareja (p93);3;No;6;6;806;2334;34.532990574121676
Sexo asignado al nacer (p1);1;Hombre;Bienestar mental o emocional percibido (i_2_p9);Dependencia económica de la pareja (p93);3;No;7;7 Muy bien;766;2334;32.819194515852615
Sexo asignado al nacer (p1);2;Mujer;Bienestar mental o emocional percibido (i_2_p9);Dependencia económica de la pareja (p93);1;Sí, completamente;1;1 Muy mal;35;2074;1.6875602700096433
Sexo asignado al nacer (p1);2;Mujer;Bienestar mental o emocional percibido (i_2_p9);Dependencia económica de la pareja (p93);1;Sí, completamente;2;2;28;2074;1.3500482160077145
Sexo asignado al nacer (p1);2;Mujer;Bienestar mental o emocional percibido (i_2_p9);Dependencia económica de la pareja (p93);1;Sí, completamente;3;3;83;2074;4.0019286403085825
Sexo asignado al nacer (p1);2;Mujer;Bienestar mental o emocional percibido (i_2_p9);Dependencia económica de la pareja (p93);1;Sí, completamente;4;4;216;2074;10.414657666345226
Sexo asignado al nacer (p1);2;Mujer;Bienestar mental o emocional percibido (i_2_p9);Dependencia económica de la pareja (p93);1;Sí, completamente;5;5;492;2074;23.722275795564126
Sexo asignado al nacer (p1);2;Mujer;Bienestar mental o emocional percibido (i_2_p9);Dependencia económica de la pareja (p93);1;Sí, completamente;6;6;610;2074;29.41176470588235
Sexo asignado al nacer (p1);2;Mujer;Bienestar mental o emocional percibido (i_2_p9);Dependencia económica de la pareja (p93);1;Sí, completamente;7;7 Muy bien;610;2074;29.41176470588235
Sexo asignado al nacer (p1);2;Mujer;Bienestar mental o emocional percibido (i_2_p9);Dependencia económica de la pareja (p93);2;Sí, en parte;1;1 Muy mal;32;1649;1.9405700424499697
Sexo asignado al nacer (p1);2;Mujer;Bienestar mental o emocional percibido (i_2_p9);Dependencia económica de la pareja (p93);2;Sí, en parte;2;2;24;1649;1.4554275318374772
Sexo asignado al nacer (p1);2;Mujer;Bienestar mental o emocional percibido (i_2_p9);Dependencia económica de la pareja (p93);2;Sí, en parte;3;3;71;1649;4.30563978168587
Sexo asignado al nacer (p1);2;Mujer;Bienestar mental o emocional percibido (i_2_p9);Dependencia económica de la pareja (p93);2;Sí, en parte;4;4;178;1649;10.794420861127957
Sexo asignado al nacer (p1);2;Mujer;Bienestar mental o emocional percibido (i_2_p9);Dependencia económica de la pareja (p93);2;Sí, en parte;5;5;402;1649;24.378411158277743
Sexo asignado al nacer (p1);2;Mujer;Bienestar mental o emocional percibido (i_2_p9);Dependencia económica de la pareja (p93);2;Sí, en parte;6;6;499;1649;30.260764099454214
Sexo asignado al nacer (p1);2;Mujer;Bienestar mental o emocional percibido (i_2_p9);Dependencia económica de la pareja (p93);2;Sí, en parte;7;7 Muy bien;443;1649;26.864766525166768
Sexo asignado al nacer (p1);2;Mujer;Bienestar mental o emocional percibido (i_2_p9);Dependencia económica de la pareja (p93);3;No;1;1 Muy mal;31;1977;1.5680323722812342
Sexo asignado al nacer (p1);2;Mujer;Bienestar mental o emocional percibido (i_2_p9);Dependencia económica de la pareja (p93);3;No;2;2;23;1977;1.1633788568538188
Sexo asignado al nacer (p1);2;Mujer;Bienestar mental o emocional percibido (i_2_p9);Dependencia económica de la pareja (p93);3;No;3;3;55;1977;2.78199291856348
Sexo asignado al nacer (p1);2;Mujer;Bienestar mental o emocional percibido (i_2_p9);Dependencia económica de la pareja (p93);3;No;4;4;195;1977;9.863429438543248
Sexo asignado al nacer (p1);2;Mujer;Bienestar mental o emocional percibido (i_2_p9);Dependencia económica de la pareja (p93);3;No;5;5;496;1977;25.088517956499746
Sexo asignado al nacer (p1);2;Mujer;Bienestar mental o emocional percibido (i_2_p9);Dependencia económica de la pareja (p93);3;No;6;6;613;1977;31.006575619625696
Sexo asignado al nacer (p1);2;Mujer;Bienestar mental o emocional percibido (i_2_p9);Dependencia económica de la pareja (p93);3;No;7;7 Muy bien;564;1977;28.528072837632777
Sexo asignado al nacer (p1);;Sin respuesta;Bienestar mental o emocional percibido (i_2_p9);Dependencia económica de la pareja (p93);1;Sí, completamente;1;1 Muy mal;0;0;
Sexo asignado al nacer (p1);;Sin respuesta;Bienestar mental o emocional percibido (i_2_p9);Dependencia económica de la pareja (p93);1;Sí, completamente;2;2;0;0;
Sexo asignado al nacer (p1);;Sin respuesta;Bienestar mental o emocional percibido (i_2_p9);Dependencia económica de la pareja (p93);1;Sí, completamente;3;3;0;0;
Sexo asignado al nacer (p1);;Sin respuesta;Bienestar mental o emocional percibido (i_2_p9);Dependencia económica de la pareja (p93);1;Sí, completamente;4;4;0;0;
Sexo asignado al nacer (p1);;Sin respuesta;Bienestar mental o emocional percibido (i_2_p9);Dependencia económica de la pareja (p93);1;Sí, completamente;5;5;0;0;
Sexo asignado al nacer (p1);;Sin respuesta;Bienestar mental o emocional percibido (i_2_p9);Dependencia económica de la pareja (p93);1;Sí, completamente;6;6;0;0;
Sexo asignado al nacer (p1);;Sin respuesta;Bienestar mental o emocional percibido (i_2_p9);Dependencia económica de la pareja (p93);1;Sí, completamente;7;7 Muy bien;0;0;
Sexo asignado al nacer (p1);;Sin respuesta;Bienestar mental o emocional percibido (i_2_p9);Dependencia económica de la pareja (p93);2;Sí, en parte;1;1 Muy mal;0;0;
Sexo asignado al nacer (p1);;Sin respuesta;Bienestar mental o emocional percibido (i_2_p9);Dependencia económica de la pareja (p93);2;Sí, en parte;2;2;0;0;
Sexo asignado al nacer (p1);;Sin respuesta;Bienestar mental o emocional percibido (i_2_p9);Dependencia económica de la pareja (p93);2;Sí, en parte;3;3;0;0;
Sexo asignado al nacer (p1);;Sin respuesta;Bienestar mental o emocional percibido (i_2_p9);Dependencia económica de la pareja (p93);2;Sí, en parte;4;4;0;0;
Sexo asignado al nacer (p1);;Sin respuesta;Bienestar mental o emocional percibido (i_2_p9);Dependencia económica de la pareja (p93);2;Sí, en parte;5;5;0;0;
Sexo asignado al nacer (p1);;Sin respuesta;Bienestar mental o emocional percibido (i_2_p9);Dependencia económica de la pareja (p93);2;Sí, en parte;6;6;0;0;
Sexo asignado al nacer (p1);;Sin respuesta;Bienestar mental o emocional percibido (i_2_p9);Dependencia económica de la pareja (p93);2;Sí, en parte;7;7 Muy bien;0;0;
Sexo asignado al nacer (p1);;Sin respuesta;Bienestar mental o emocional percibido (i_2_p9);Dependencia económica de la pareja (p93);3;No;1;1 Muy mal;0;0;
Sexo asignado al nacer (p1);;Sin respuesta;Bienestar mental o emocional percibido (i_2_p9);Dependencia económica de la pareja (p93);3;No;2;2;0;0;
Sexo asignado al nacer (p1);;Sin respuesta;Bienestar mental o emocional percibido (i_2_p9);Dependencia económica de la pareja (p93);3;No;3;3;0;0;
Sexo asignado al nacer (p1);;Sin respuesta;Bienestar mental o emocional percibido (i_2_p9);Dependencia económica de la pareja (p93);3;No;4;4;0;0;
Sexo asignado al nacer (p1);;Sin respuesta;Bienestar mental o emocional percibido (i_2_p9);Dependencia económica de la pareja (p93);3;No;5;5;0;0;
Sexo asignado al nacer (p1);;Sin respuesta;Bienestar mental o emocional percibido (i_2_p9);Dependencia económica de la pareja (p93);3;No;6;6;0;0;
Sexo asignado al nacer (p1);;Sin respuesta;Bienestar mental o emocional percibido (i_2_p9);Dependencia económica de la pareja (p93);3;No;7;7 Muy bien;0;0;
