desagregacion;codigo_sexo;sexo;variable;codigo_grupo;grupo;personas;denominador;porcentaje
Sexo asignado al nacer (p1);1;Hombre;Dependencia económica de la pareja (p93);1;Sí, completamente;120;2793;4.296455424274973
Sexo asignado al nacer (p1);1;Hombre;Dependencia económica de la pareja (p93);2;Sí, en parte;337;2793;12.065878983172217
Sexo asignado al nacer (p1);1;Hombre;Dependencia económica de la pareja (p93);3;No;2336;2793;83.6376655925528
Sexo asignado al nacer (p1);2;Mujer;Dependencia económica de la pareja (p93);1;Sí, completamente;2077;5709;36.38115256612367
Sexo asignado al nacer (p1);2;Mujer;Dependencia económica de la pareja (p93);2;Sí, en parte;1650;5709;28.90173410404624
Sexo asignado al nacer (p1);2;Mujer;Dependencia económica de la pareja (p93);3;No;1982;5709;34.71711332983009
Sexo asignado al nacer (p1);;Sin respuesta;Dependencia económica de la pareja (p93);1;Sí, completamente;0;0;
Sexo asignado al nacer (p1);;Sin respuesta;Dependencia económica de la pareja (p93);2;Sí, en parte;0;0;
Sexo asignado al nacer (p1);;Sin respuesta;Dependencia económica de la pareja (p93);3;No;0;0;
